sku,name,barcode,shortDescription,costPrice,mainPrice,wholesalePrice,wholesaleBoxQuantity,categoryId,brandId,stock_showroom,stock_الصالة
PROD202512029893a74e,bayshield ???? ?????? ???,,,1.25,2,1.75,1,??????,bchara ghostin,25,0
190549,brix big shark ???? ???? ????,,,42,50,47,1,??????,bchara ghostin,3,0
59079750,brix small shark ???? ????,,,6.25,8,7.2,1,??????,bchara ghostin,3,0
566360820,BRV-PUW010 ?????? ???? ???,,,1.9,3.5,3.2,1,??????,bchara ghostin,3,0
14594963,BRV-PUW010 ?????? ???? ?????,,,7.5,10,9,1,??? PW,ritver,30,0
799628802,BRV-PUW020 ?????? ????? ???,,,2.5,4,3.5,1,??? PW,ritver,12,0
9466319,BRV-PUW020 ?????? ????? ?????,,,7.5,10,9,1,??? PW,ritver,10,0
642431920,CBM2000-1 ???? ???? ???? ??? ?????,,,2.5,4,3.5,1,??? PW,ritver,7,0
5547068,CBM2000-5 ???? ???? ???? ??? ???,,,12.68,20,17,1,????,ritver,4,0
90172689,CP001 ???? 50 % ?? ???,,,48.1,80,70,1,????,ritver,2,0
41166,CP001 ???? 50 % ?? ?????,,,38,58.5,55,1,???????,ritver,1,0
972952,CP002S ???? ?????,,,8,13.5,12,1,???????,ritver,16,0
1572142,CP004-2.5LT ???? 50% ?????,,,10,17,14,1,???????,ritver,2,0
279066,CP016/805 ???? 50 %  ?????,,,11,18.5,15,1,???????,ritver,2,0
808564110,CP016-12.5LT ???? 50% ???,,,9,15,12,1,???????,ritver,3,0
17171,CP016-2.5LT ???? 50% ?????,,,30,46,42,1,???????,ritver,2,0
425905,CP016LB ???? 50 % ???,,,6.5,11,9,1,???????,ritver,5,0
57131500,Elastocryl700 ???? ???? ???? ???,,,39,60,55,1,???????,ritver,1,0
332867,Elastocryl700 ???? ???? ???? ?????,,,45.5,75,65,1,????,ritver,2,0
648912907,Elastocryl700 ???? ???? ???? ????,,,12.35,21,19,1,????,ritver,4,0
PROD2025122641117938,Elastocryl900 A+B ???? ???? ?????? ???,,,3.9,6,5.5,1,????,ritver,8,0
PROD20251226eea69df2,Elastocryl900 A+B ???? ???? ?????? ?????,,,71.5,120,100,1,????,ritver,2,0
5204856030289,grout bag isomat ???? ?????,,,19.5,33,30,1,????,ritver,6,0
513651,NB110 ???? ???? ???? LT1,,,16,23,22,1,??????,bchara ghostin,0,0
4183,NB110 ???? ???? ???? ?????,,,3.58,6,5,1,???? ???? N,ritver,6,0
4317085,NB111-686 LEB ???? ???? ??? ?????,,,12.35,21,19,1,???? ???? N,ritver,4,0
25850,NB111-686 LEB ???? ???? ??? ????,,,12.35,21,19,1,???? ???? N,ritver,2,0
4762998,NB112 ??? ???? ???? 1 ???,,,3.58,6,5,1,???? ???? N,ritver,3,0
67070568,NB112 ??? ???? ???? ?????,,,3.9,6,5.5,1,???? ???? N,ritver,6,0
7171838,NB120 ???? ???? ???? ?????,,,13.65,24,21,1,???? ???? N,ritver,4,0
85806,NB120 ???? ???? ???? ????,,,12.35,21,19,1,???? ???? N,ritver,4,0
91647,NB127  ???? ???? ???? ?????,,,3.58,6,5,1,???? ???? N,ritver,6,0
231575728,NB127  ???? ???? ???? ????,,,12.35,21,19,1,???? ???? N,ritver,2,0
5205423098084,neotex pu fibre ?????,,,3.58,6,5,1,???? ???? N,ritver,3,0
675870369,NT1210 ??? ???? 10% ???? 1????,,,23,30,27,1,????,bchara ghostin,3,0
305136,NT1210 ??? ???? 10% ???? ?????,,,3.9,6,5.5,1,???? ???? N,ritver,6,0
4761014826,NT1230 ??? ???? 30% ???? ?????,,,13.65,24,21,1,???? ???? N,ritver,4,0
54025938,NT1230 ??? ???? 30% ???? ????,,,13.65,24,21,1,???? ???? N,ritver,4,0
411306,NT1250 ??? ???? 50% ???? ?????,,,3.9,6,5.5,1,???? ???? N,ritver,6,0
375993817,NT1250 ??? ???? 50% ???? ????,,,13.65,24,21,1,???? ???? N,ritver,4,0
73151020,NT1299 ??? ???? ???? ?????,,,3.9,6,5.5,1,???? ???? N,ritver,6,0
4152456,NT1299 ??? ???? ???? ????,,,13.65,24,21,1,???? ???? N,ritver,4,0
80180,NT1310 ???? ???? ???? 10% ???? LT1,,,3.9,6,5.5,1,???? ???? N,ritver,6,0
29134846,NT1310 ???? ???? ???? 10% ???? ?????,,,3.9,6,5.5,1,???? ???? N,ritver,6,0
7984442354,NT1330 ???? ???? ???? 30% ???? LT1,,,13.65,24,21,1,???? ???? N,ritver,4,0
3748,NT1330 ???? ???? ???? 30% ???? ?????,,,3.9,6,5.5,1,???? ???? N,ritver,6,0
7821462452,NT1350 ???? ???? ???? 50% ???? LT1,,,13.65,24,21,1,???? ???? N,ritver,4,0
794943038,NT1350 ???? ???? ???? 50% ???? ?????,,,3.9,6,5.5,1,???? ???? N,ritver,6,0
9645665,NT1399 ???? ???? ???? ???? ?????,,,13.65,24,21,1,???? ???? N,ritver,3,0
52510337,NT1399 ???? ???? ???? ???? ????,,,13.65,24,21,1,???? ???? N,ritver,4,0
21069,NT1399 ???? ???? ???? ???? ?????,,,3.9,6,5.5,1,???? ???? N,ritver,6,0
242858,NT1399 ???? ???? ???? ???? ????,,,13.65,24,21,1,???? ???? N,ritver,2,0
875766,NT1399 ???? ???? ???? ???? ?????,,,3.9,6,5.5,1,???? ???? N,ritver,3,0
79051297,NT1399 ???? ???? ???? ???? ?????,,,13.65,24,21,1,???? ???? N,ritver,2,0
21986047,NT1399 ???? ???? ???? ???? ????,,,13.65,24,21,1,???? ???? N,ritver,1,0
7214622801,NT1399 ???? ???? ???? ???? ????? U,,,3.9,6,5.5,1,???? ???? N,ritver,3,0
911907,NT1399 ???? ???? ??????? ???? ?????,,,13.65,24,21,1,???? ???? N,ritver,2,0
77967,NT1399 ???? ???? ??????? ???? ????,,,13.65,24,21,1,???? ???? N,ritver,2,0
2977578,NT1399 ???? ???? ????? ???? ?????,,,3.9,6,5.5,1,???? ???? N,ritver,3,0
591499,nt1399-green-1kg,,,13.65,24,21,1,???? ???? N,ritver,1,0
3424202164,NT1410 ???? ???? ???? 10% ???? ?????,,,3.9,6,5.5,1,???? ???? N,ritver,3,0
4532770,NT1410-LT ???? ???? ???? 10% ???? ????,,,13.65,24,21,1,???? ???? N,ritver,4,0
9388955857,NT1430 ???? ???? ???? 30% ???? ?????,,,3.9,6,5.5,1,???? ???? N,ritver,6,0
452141410,NT1430 ???? ???? ???? 30% ???? ????,,,13.65,24,21,1,???? ???? N,ritver,4,0
611955925,NT1450 ???? ???? ???? 50% ???? ?????,,,3.9,6,5.5,1,???? ???? N,ritver,6,0
1704581628,NT1450 ???? ???? ???? 50% ???? ????,,,13.65,24,21,1,???? ???? N,ritver,4,0
7565,NT1499 ???? ???? ???? ???? ?????,,,3.9,6,5.5,1,???? ???? N,ritver,6,0
693056673,NT1499 ???? ???? ???? ???? ????,,,13.65,24,21,1,???? ???? N,ritver,4,0
5100789799210,PARROT SPRAY ????,,,3.9,6,5.5,1,???? ???? N,ritver,6,0
9250606073,PB204 ??? ??????? ???,,,1.04,2,2,1,??????,bchara ghostin,29,0
4175048,PB204 ??? ??????? ?????,,,69.25,106.6,96,1,???????,ritver,1,0
1120454,PB205-M ??? ???? ???? M ???,,,14.1,24,22,1,???????,ritver,6,0
863759840,PB205-M ??? ???? ???? M ?????,,,55,85,80,1,???????,ritver,1,0
984244,PB210 LEB M1 ???? ???? ??????? ???,,,11.5,20,16.5,1,???????,ritver,5,0
6362242,PB210 M1 ???? ???? ??????? ?????,,,74.75,115,105,1,???????,ritver,1,0
910292,PB230 ???? ???? ??????? ?????,,,16.35,27,25,1,???????,ritver,4,0
6178251468,PP8000B-  80G ???? ????? ????,,,14.1,23,21,1,???????,ritver,2,0
56441610,PP8000-MO-YELLOW  1.8KG ????? ????,,,0.9,1.5,1.5,1,??????? ???????,ritver,16,0
81996140,PP8001-SH-1KG ?????? ?????,,,2.9,4.5,4,1,??????? ???????,ritver,13,0
128915813,PS1301 ?????? ???? ?????,,,2.1,3,3,1,??????? ???????,ritver,16,0
71751880,PS1301 ?????? ???? ????,,,11,17,16,1,???? ???? PS,ritver,4,0
460800676,PS1301 ?????? ???? ?????,,,3.25,5.5,4.5,1,???? ???? PS,ritver,6,0
14749929,PS1301 ?????? ???? ????,,,11,17,16,1,???? ???? PS,ritver,2,0
6630314,PS1301 ?????? ????? ?????,,,3.25,5.5,4.5,1,???? ???? PS,ritver,5,0
8381844,PS1301 ?????? ????? ????,,,11,17,16,1,???? ???? PS,ritver,3,0
589400364,PS1551+H ???? ??????? ??? ?????? ????,,,3.25,5.5,4.5,1,???? ???? PS,ritver,6,0
2949,PS1551+H ???? ??????? ??? ?????? ????,,,1.5,2.5,2.5,1,EPOXY,ritver,6,0
410152,PS1551-7040 ??????? ??? ?????? ????? ????,,,7,12,10,1,EPOXY,ritver,4,0
29400,PS1551-7040 ??????? ??? ?????? ????? ????,,,5,9,7,1,EPOXY,ritver,6,0
752773722,PS1601 ???? ????? ?????,,,17,28,26,1,EPOXY,ritver,4,0
8855685,PS1601 ???? ???? ????? ?????,,,27.75,60,55,1,???? ???? PS,ritver,1,0
803468,PS2501 ??????? ???? ???,,,8,13.5,12,1,???? ???? PS,ritver,1,0
62245,PS2501 ??????? ???? ?????,,,50,77,10,1,???? ???? PS,ritver,2,0
5423443,PS2501 ??????? ???? ????,,,11,18.5,15,1,???? ???? PS,ritver,16,0
327726020,PS3005 ???? ???? ?????,,,3.25,6,5,1,???? ???? PS,ritver,12,0
369051945,PS3005 ???? ???? ????,,,14.3,25,22,1,???? ???? PS,ritver,5,0
17085864,PS3005 ???? ???? ?????,,,3.75,6,5,1,???? ???? PS,ritver,12,0
275674712,PS3005 ???? ???? ????,,,14.3,25,22,1,???? ???? PS,ritver,8,0
412843992,PS3005 ???? off white 50% ???? ?????,,,3.75,6,5,1,???? ???? PS,ritver,12,0
84035,PS3005-140 ???? ?????,,,14.3,25,22,1,???? ???? PS,ritver,0,0
931579,PS3005-140 ???? ???? ????,,,14.3,25,22,1,???? ???? PS,ritver,4,0
682022038,PS3005-146 ???? IVORY ?????,,,3.75,6,5,1,???? ???? PS,ritver,5,0
58712427,PS3005-154 OFFWHITE MATT ?????,,,14.3,25,22,1,???? ???? PS,ritver,4,0
412177465,PS3005-154 OFFWHITE MATT ????,,,14.3,25,22,1,???? ???? PS,ritver,8,0
65034561,PS3005-154 OFFWHITE ???? ????,,,3.75,6,5,1,???? ???? PS,ritver,8,0
291595,PS3005-154 OFFWHITE ???? ?????,,,3.75,6,5,1,???? ???? PS,ritver,12,0
509930,PS3005-154 OFFWHITE ??? ???? ?????,,,14.3,25,22,1,???? ???? PS,ritver,8,0
178787766,PS3005-154 OFFWHITE ??? ???? ????,,,14.3,25,22,1,???? ???? PS,ritver,6,0
46829,PS3005-227 manga fruit ???? ?????,,,3.75,6,5,1,???? ???? PS,ritver,14,0
840923,PS3005-227 manga fruit ???? ????,,,14.3,25,22,1,???? ???? PS,ritver,4,0
932085008,PS3005-229 ??? ???? ?????,,,3.75,6,5,1,???? ???? PS,ritver,6,0
609468253,PS3005-533 ???? ???? fresh ?????,,,14.3,25,22,1,???? ???? PS,ritver,0,0
7028198,PS3005-533 ???? ???? fresh ????,,,14.3,25,22,1,???? ???? PS,ritver,4,0
8662864,PS3005-639 verde ???? ?????,,,3.75,6,5,1,???? ???? PS,ritver,6,0
53700297,PS3005-639 verde ???? ????,,,14.3,25,22,1,???? ???? PS,ritver,4,0
51482552,PS3005-640 ???? ???? ?????,,,3.75,6,5,1,???? ???? PS,ritver,6,0
409780,PS3005-640 ???? ???? ????,,,14.3,25,22,1,???? ???? PS,ritver,3,0
454271390,PS3005-723 silver grey ???? ?????,,,3.75,6,5,1,???? ???? PS,ritver,6,0
186273,PS3005-723 silver grey ???? ????,,,14.3,25,22,1,???? ???? PS,ritver,4,0
2260082,PS3005-727 storm grey ???? ?????,,,3.75,6,5,1,???? ???? PS,ritver,6,0
47071,PS3005-727 ????? ???? ????,,,14.3,25,22,1,???? ???? PS,ritver,4,0
647482618,PS3005-824 caramel???? ?????,,,3.75,6,5,1,???? ???? PS,ritver,6,0
708753,PS3005-824 ???? ??????? ????,,,14.3,25,22,1,???? ???? PS,ritver,3,0
21862356,PS3005-825 brown  ???? ????,,,3.75,6,5,1,???? ???? PS,ritver,6,0
4839098,PS3005-825 brown ???? ?????,,,3.75,6,5,1,???? ???? PS,ritver,6,0
677324744,PS3005-FERRARI- ???? ???? ?????,,,14.3,25,22,1,???? ???? PS,ritver,4,0
827531378,PS3005-FERRARI- ???? ???? ????,,,14.3,25,22,1,???? ???? PS,ritver,2,0
472359,PS3005-KRL727 ???? ? ???? ????? ????? ?????,,,3.75,6,5,1,???? ???? PS,ritver,6,0
96725,PS3005-KRL727 ???? ? ???? ????? ????? ????,,,17,30,27,1,???? ???? PS,ritver,4,0
65557877,PS3005-KRL-800 ???? ? ???? ???? ????? ?????,,,4.9,7.5,7,1,???? ???? PS,ritver,6,0
59714,PS3005-KRL-800 ???? ? ???? ???? ????? ????,,,17,30,27,1,???? ???? PS,ritver,4,0
97233309,PS3005-KRL-823 ???? ? ???? ???? ????? ?????,,,4.9,7.5,7,1,???? ???? PS,ritver,6,0
5299102,PS3005-KRL-823 ???? ? ???? ???? ????? ????,,,17,30,27,1,???? ???? PS,ritver,4,0
91660,PS3051 ???? ??? ???? ?????,,,4.9,7.5,7,1,???? ???? PS,ritver,5,0
366916463,PS3051 ???? ??? ???? ????,,,14.3,25,23,1,???? ???? PS,ritver,6,0
839245,PS3051 ???? ???? ?????,,,3.75,6,5,1,???? ???? PS,ritver,12,0
3976735,PS3051 ???? ???? ?????,,,14.3,25,23,1,???? ???? PS,ritver,7,0
3681807,PS3051 ???? ??? ???? ?????,,,14.3,25,23,1,???? ???? PS,ritver,8,0
57780709,PS3051 ???? ??? ???? ????,,,14.3,25,23,1,???? ???? PS,ritver,7,0
66241334,PS3051 ???? ???? ???? ????,,,3.75,6,5,1,???? ???? PS,ritver,11,0
593180,PS3105 PU  ???? ???? ???,,,3.75,6,5,1,???? ???? PS,ritver,12,0
173231,PS3105 PU  ???? ???? ?????,,,66.3,110,92,1,????,ritver,1,0
PROD20251226283913b7,PS3105 PU ???? ???? ???,,,14.62,25,23,1,????,ritver,5,0
PROD202512299c9d0cd2,PS3105 PU ???? ???? ?????,,,66.3,110,90,1,????,ritver,1,0
77546847,PS3110 ??????? ????? 12.5 ????,,,14.65,25,23,1,????,ritver,1,0
937170876,PS3251 10%  ????? ???? ?????,,,42.25,65,60,1,????,ritver,2,0
58147,PS3251 10%  ????? ???? ????,,,13.65,24,21,1,???? ???? PS,ritver,4,0
376989,PS3251 100%  ????? ???? ?????,,,3.58,6,5,1,???? ???? PS,ritver,6,0
1281221,PS3251 100%  ????? ???? ????,,,13.65,24,21,1,???? ???? PS,ritver,4,0
710237779,PS3251 50%  ????? ???? ?????,,,3.58,6,5,1,???? ???? PS,ritver,6,0
297943,PS3251 50%  ????? ???? ????,,,13.65,24,21,1,???? ???? PS,ritver,4,0
6086764,PS3472 ??? ???? ???,,,3.58,6,5,1,???? ???? PS,ritver,5,0
PROD202512299d9e1ff8,PS3472 ??? ???? ?????,,,24.38,43,40,1,???? ???? PS,ritver,2,0
35958710,PS3601 ??????? ???? ?????,,,6.2,10,9,1,??????,ritver,3,0
8010618,PS3601 ??????? ???? ????,,,16.7,27,25,1,EPOXY,ritver,4,0
PROD20251226e4381a6f,PS3601 ??????? ???? ?????,,,4.75,7,6.5,1,EPOXY,ritver,6,0
424249970,PS3601 ??????? ???? ????,,,16.7,27,25,1,EPOXY,ritver,3,0
68643934,PS3601+H  ???? ??????? ????,,,4.75,7,6.5,1,EPOXY,ritver,6,0
5131695,PS3601+H ???? ??????? ????,,,8,13.5,11.5,1,EPOXY,ritver,11,0
874666756,PS3601-7040 ??????? ????? ?????,,,2.4,3.5,3.5,1,EPOXY,ritver,18,0
9353,PT2210 ??? ??????? 10 % ?????,,,16.7,27,25,1,EPOXY,ritver,4,0
10407,PT2230 ??? ??????? 30% ???? ?????,,,17.35,29,27,1,???????,ritver,4,0
56413120,PT2250 ??? ??????? 50% ???? ?????,,,17.35,29,27,1,???????,ritver,4,0
78411,PT2299 PU ??? ??????? ???? ?????,,,17.35,29,27,1,???????,ritver,2,0
11304272,PT2310 ???? ??????? ???? ?? ???????? 10 % ?????,,,18.3,29,27,1,???????,ritver,2,0
9769481,PT2330 ???? ??????? ???? ?? ???????? 30% ?????,,,21.9,35,33,1,???????,ritver,4,0
81060791,PT2350 ???? ??????? ???? ?? ???????? 50 % ?????,,,21.9,35,33,1,???????,ritver,4,0
359361586,PT2399 ???? ??????? ???? ?? ???????? ???? ?????,,,21.9,35,33,1,???????,ritver,2,0
61388,PT2710 ???? ??????? ???? 10% ???? ?????,,,24.1,40,36,1,???????,ritver,2,0
8536630,PT2730 ???? ??????? ???? 30% ???? ?????,,,22.25,37,34,1,???????,ritver,2,0
221608350,PT2750 ???? ??????? ???? 50% ???? ?????,,,22.25,37,34,1,???????,ritver,2,0
708017890,PU 310 ml kera koll ???,,,22.25,37,34,1,???????,ritver,1,0
PROD20251226ee3e1f9b,PURC800 ???? ???? ???? ???,,,3.3,5,4.5,1,??????,bchara ghostin,2,0
2393,PW1005 CL ??? ???? ???,,,66.3,110,90,1,????,ritver,4,0
18573060,PW1005 CL ??? ???? ????,,,15.6,25,24,1,??? PW,ritver,3,0
358946,PW1005 ??? ???? ???,,,4.9,7.5,7,1,??? PW,ritver,11,0
580901399,PW1005 ??? ???? ????,,,15.6,25,24,1,??? PW,ritver,8,0
3720827383,PW1612-LEB-20LT ??? ???,,,4.9,7.5,7,1,??? PW,ritver,11,0
542715044,PW1612-LEB-4LT ??? ???,,,24.7,40,37,1,??????? ???????,ritver,2,0
586390,PW2051-100 ???? ???,,,5.95,9,8,1,??????? ???????,ritver,5,0
9768700,PW2051-103 ???? ????? ???,,,17,28,25,1,????,ritver,3,0
636133,PW2505 ?????? ????? ???,,,17,28,25,1,????,ritver,3,0
PROD20251226a3bec50f,PW2505 ?????? ????? ????,,,9.75,15,13.5,1,??? PW,ritver,5,0
8415462,PW2505 ?????? ????? ????,,,1,1.5,1.3,1,??? PW,ritver,10,0
582574,PW2506 ?????? ???? ???,,,3,4.5,4,1,??? PW,ritver,49,0
2807417,PW2506 ?????? ???? ?????,,,9.75,15,14,1,??? PW,ritver,49,0
3582701780,PW2506 ?????? ???? ????,,,3,4.5,4,1,??? PW,ritver,51,0
326173,PW2512 ??????? ???? ???,,,1,1.5,1.5,1,??? PW,ritver,14,0
45456022,PW2512 ??????? ???? ????,,,27,45,42,1,??? PW,ritver,2,0
2344,PW3000 ??? ????? off white ???,,,7.5,11.5,10.5,1,??? PW,ritver,8,0
191523,PW3000 ??? ????? off white ????,,,16.58,26,24,1,??? PW,ritver,22,0
232275,PW3000 ??? ????? ???? ???,,,4.9,7.5,7,1,??? PW,ritver,4,0
849140899,PW3000 ??? ????? ???? ?????,,,16.58,26,24,1,??? PW,ritver,10,0
852741,PW3000-GARDENIA-01 ??? ?????? ???? ???,,,4.9,7.5,7,1,??? PW,ritver,15,0
371359,PW3005 ??? ????? ?????? ???? ???,,,16.58,26,24,1,??? PW,ritver,10,0
5332,PW3005 ??? ????? ?????? ???? ????,,,20.15,34,31,1,??? PW,ritver,10,0
817318,PW3005-09 cool grey ??? ????? ?????? ?????,,,5.7,9,8,1,??? PW,ritver,8,0
46721142,PW3005-BEIGE-06 ??? ????? ?????? ???,,,5.7,9,8,1,??? PW,ritver,4,0
97336,PW3005-BEIGE-06 ??? ????? ?????? ?????,,,20.15,34,31,1,??? PW,ritver,1,0
66265039,PW3005-bonewhite-04 ??? ????? ?????? ???,,,5.7,9,8,1,??? PW,ritver,4,0
5155778,PW3005-bonewhite-04 ??? ????? ?????? ?????,,,20.15,34,31,1,??? PW,ritver,2,0
187064,PW3005-GARDENIA-01 ??? ????? ?????? ???,,,5.7,9,8,1,??? PW,ritver,4,0
34125,PW3005-GARDENIA-01 ??? ????? ?????? ?????,,,20.15,34,31,1,??? PW,ritver,6,0
675433026,PW3005-IVORY-03 ??? ????? ?????? ???,,,5.7,9,8,1,??? PW,ritver,4,0
PROD20251226d05ba16c,PW3005-IVORY-03 ??? ????? ?????? ?????,,,20.15,34,31,1,??? PW,ritver,4,0
6698699,PW3005-LIGHT IVORY-02 ??? ????? ?????? ???,,,5.7,9,8,1,??? PW,ritver,4,0
95299063,PW3005-LIGHT IVORY-02 ??? ????? ?????? ?????,,,20.15,34,31,1,??? PW,ritver,2,0
722710,PW3005-offwhite-05 ??? ????? ?????? ???,,,5.7,9,8,1,??? PW,ritver,4,0
9811266,PW3005-offwhite-05 ??? ????? ?????? ?????,,,20.15,34,31,1,??? PW,ritver,3,0
62242,PW3105 ??? ??? ?????? ???? ???,,,5.7,9,8,1,??? PW,ritver,4,0
4231867,PW3105 ??? ??? ?????? ???? ?????,,,27,45,42,1,??? PW,ritver,10,0
31295,PW3105-702 ??? ????? ???? ?????,,,7.5,12,11,1,??? PW,ritver,8,0
338130,PW3105-BONEWHITE-04 ??? ??? ?????? ???,,,7.5,12,11,1,??? PW,ritver,1,0
595402273,PW3105-GARDENIA-01 ??? ??? ?????? ???,,,27,45,42,1,??? PW,ritver,1,0
30444538,PW3105-GARDENIA-01 ??? ??? ?????? ?????,,,27,45,42,1,??? PW,ritver,2,0
961431,PW3105-IVORY-03 ??? ??? ?????? ???,,,7.5,12,11,1,??? PW,ritver,15,0
135307,PW3105-IVORY-03 ??? ??? ?????? ?????,,,27,45,42,1,??? PW,ritver,5,0
74115,PW3105-LIGHT BEIGE-06 ??? ??? ?????? ???,,,7.5,12,11,1,??? PW,ritver,2,0
31929,PW3105-LIGHT BEIGE-06 ??? ??? ?????? ?????,,,27,45,42,1,??? PW,ritver,1,0
49385,PW3105-LIGHTIVORY-02 ??? ??? ?????? ???,,,7.5,12,11,1,??? PW,ritver,4,0
7369678,PW3105-LIGHTIVORY-02 ??? ??? ?????? ?????,,,27,45,42,1,??? PW,ritver,6,0
76730,PW3105-OFFWHITE-05 ??? ??? ?????? ???,,,7.5,12,11,1,??? PW,ritver,2,0
413430,PW3105-OFFWHITE-05 ??? ??? ?????? ?????,,,27,45,42,1,??? PW,ritver,3,0
6890043,PW3205 ??? ?????? ????? ???? ???,,,7.5,12,11,1,??? PW,ritver,4,0
347886,PW3205 ??? ?????? ????? ???? ?????,,,37,60,52,1,??? PW,ritver,9,0
407138,PW3205-501 ??? ???? ?????,,,10,17,15,1,??? PW,ritver,8,0
32483632,PW3205-BEIGE-06 ??? ?????? ????? ???,,,10,17,15,1,??? PW,ritver,2,0
5248439,PW3205-BEIGE-06 ??? ?????? ????? ?????,,,37,60,52,1,??? PW,ritver,1,0
52527862,PW3205-BONEWHITE-04 ??? ?????? ????? ???,,,10,17,15,1,??? PW,ritver,4,0
214463,PW3205-BONEWHITE-04 ??? ?????? ????? ?????,,,37,60,52,1,??? PW,ritver,1,0
198844,PW3205-GARDENIA-01 ??? ?????? ????? ???,,,10,17,15,1,??? PW,ritver,4,0
703903,PW3205-IVORY-03 ??? ?????? ????? ???,,,37,60,52,1,??? PW,ritver,6,0
602631423,PW3205-LIGHTIVORY-02 ??? ?????? ????? ???,,,37,60,52,1,??? PW,ritver,1,0
547681901,PW3205-LIGHTIVORY-02 ??? ?????? ????? ?????,,,37,60,52,1,??? PW,ritver,2,0
549926471,PW3205-OFFWHITE-05 ??? ?????? ????? ???,,,10,17,15,1,??? PW,ritver,4,0
55500,PW3205-OFFWHITE-05 ??? ?????? ????? ?????,,,37,60,52,1,??? PW,ritver,1,0
372057195,PW3206 ??? ?????? ???? ???? ???,,,10,17,15,1,??? PW,ritver,4,0
4501094,PW3206 ??? ?????? ???? ???? ?????,,,45.5,75,63,1,??? PW,ritver,4,0
470551296,PW3206-BONEWHITE-04 ??? ?????? ???? ???,,,12,20,18,1,??? PW,ritver,3,0
501959,PW3206-BONEWHITE-04 ??? ?????? ???? ?????,,,45.5,75,63,1,??? PW,ritver,1,0
82750,PW3206-GARDENIA-01 ??? ?????? ???? ???,,,12,20,18,1,??? PW,ritver,1,0
95496,PW3206-GARDENIA-01 ??? ?????? ???? ?????,,,45.5,75,63,1,??? PW,ritver,7,0
81241510,PW3206-LIGHTBEIGE-06 ??? ?????? ???? ???,,,12,20,18,1,??? PW,ritver,2,0
80031564,PW3206-LIGHTBEIGE-06 ??? ?????? ???? ?????,,,45.5,75,63,1,??? PW,ritver,1,0
5537831,PW3206-LIGHTIVORY-02 ??? ?????? ???? ???,,,12,20,18,1,??? PW,ritver,1,0
PROD202512264bfbf3ae,PW3206-LIGHTIVORY-02 ??? ?????? ???? ?????,,,45.5,75,63,1,??? PW,ritver,0,0
7179629,PW3206-OFFWHITE-05 ??? ?????? ???? ???,,,12,20,18,1,??? PW,ritver,2,0
99747174,PW3206-OFFWHITE-05 ??? ?????? ???? ?????,,,45.5,75,65,1,??? PW,ritver,1,0
8666364,RM002-202kg white spirit ??? ???,,,12,20,18,1,??? PW,ritver,1,0
195293,RM002-7K ??? ??? white spirit ???,,,4,6,5,1,??????,ritver,4,0
5100789799388,SPRAY CHROME,,,12.35,20,19,1,??????,ritver,2,0
5100789799395,SPRAY CHROME GOLD,,,1.75,3,3,1,??????,bchara ghostin,3,0
60184,TN202-m8  25ltr ??? ???,,,1.75,3,3,1,??????,bchara ghostin,3,0
323467,TN202-M8-12.5LT ???,,,31,57,43,1,??????,ritver,4,0
997937,TN202-M8-2.5LT ???,,,14.56,24,22,1,??????,ritver,5,0
80701,TN202-M8-200LT ???,,,3.75,6,5,1,??????,ritver,6,0
1362572,TN202-M8-20LT ???,,,225,346,310,1,??????,ritver,1,0
35124,TS0050-1 ??? ??????? ?????? ?????,,,23.57,43,40,1,??????,ritver,2,0
77986,TS0050-5 ??? ??????? ?????? ???,,,10.4,18,17,1,????,ritver,4,0
27134,XYLENE 2.5LT,,,45.5,80,63,1,????,ritver,2,0
6959628,XYLENE 20LT,,,5.85,10,9,1,??????,ritver,8,0
5902628812100,????? 11.5 ???? BETON,,,31.53,50,44,1,??????,ritver,3,0
5902628813091,????? 18 ???? BETON,,,6.5,9,8,1,??????,bchara ghostin,2,0
29842058,????? ???? bestape 50 mm,,,11.5,14,13,1,??????,bchara ghostin,2,0
3877406188,????? ???? LYNX 25 mm,,,0.45,0.75,0.65,1,??????,bchara ghostin,46,0
2294,????? ???? LYNX 50 mm,,,0.33,0.5,0.45,1,??????,bchara ghostin,51,0
20256583,????? ???? 36-80,,,0.75,1,0.9,1,??????,bchara ghostin,28,0
367913935,?????? flowertone R05 ???????,,,0.5,1,0.8,1,??????,bchara ghostin,6,0
4617114,?????? flowertone R15 ??? ?????,,,5.54,7,6.5,1,??????,bchara ghostin,3,0
968854468,?????? flowertone R55 ????,,,5.53,7,6.5,1,??????,bchara ghostin,6,0
68807,?????? flowertone R60 ??????,,,5.54,7,6.5,1,??????,bchara ghostin,3,0
403786,?????? flowertone R75 ????,,,4.63,6.5,6,1,??????,bchara ghostin,3,0
13846,?????? flowertone R76 ??? ????,,,4.21,6.5,6,1,??????,bchara ghostin,3,0
9680957,?????? flowertone R78 ????,,,5.53,7,6.5,1,??????,bchara ghostin,3,0
54189571,?????? flowertone R80 ????,,,5.87,7.5,6.5,1,??????,bchara ghostin,2,0
5407005910542,?????? ???? eazy gold 125 ml 901,,,5.53,7,6.5,1,??????,bchara ghostin,1,0
4342,?????? ????????? ????,,,7.25,8,8,1,??????,bchara ghostin,2,0
97288,??? ?????,,,1,2,1.8,1,??????,bchara ghostin,22,0
450894836,??? ????,,,3,4,3.5,1,??????,bchara ghostin,4,0
12434047,??? ?? + ???? POLO,,,1.35,2,1.75,1,??????,bchara ghostin,3,0
59007,??? ?? ????? ????,,,2.5,4,3.5,1,??????,bchara ghostin,3,0
BT22251,????? ????,,,3.45,5,4.5,1,??????,bchara ghostin,5,0
327515,????? ????? 10 ??? B 9,,,2.5,4,3.5,1,??????,bchara ghostin,3,0
8028641901175,???? ???? ???? 115 ??? 100 sait,,,1.75,3,2.5,1,??????,bchara ghostin,10,0
8028641901182,???? ???? ???? 115 ??? 120 sait,,,0.36,0.5,0.5,1,??????,bchara ghostin,25,0
8028641902011,???? ???? ???? 115 ??? 150 sait,,,0.36,0.5,0.5,1,??????,bchara ghostin,25,0
8028641901205,???? ???? ???? 115 ??? 220 sait,,,0.32,0.5,0.5,1,??????,bchara ghostin,25,0
8028641901212,???? ???? ???? 115 ??? 320 sait,,,0.32,0.5,0.5,1,??????,bchara ghostin,25,0
8028641901328,???? ???? ???? 115 ??? 400 sait,,,0.32,0.5,0.5,1,??????,bchara ghostin,25,0
8028641901168,???? ???? ???? 115 ??? 80 sait,,,0.32,0.5,0.5,1,??????,bchara ghostin,25,0
5603902232521,???? ???? ???? ???? 115 ??? 100,,,0.36,0.5,0.5,1,??????,bchara ghostin,25,0
5603902232538,???? ???? ???? ???? 115 ??? 120,,,0.25,0.5,0.35,1,??????,bchara ghostin,50,0
5603902232545,???? ???? ???? ???? 115 ??? 150,,,0.25,0.5,0.35,1,??????,bchara ghostin,50,0
5603902232569,???? ???? ???? ???? 115 ??? 220,,,0.24,0.5,0.35,1,??????,bchara ghostin,50,0
5603902247648,???? ???? ???? ???? 115 ??? 320,,,0.24,0.5,0.35,1,??????,bchara ghostin,50,0
5603902232484,???? ???? ???? ???? 115 ??? 40,,,0.24,0.5,0.35,1,??????,bchara ghostin,50,0
5603902290927,???? ???? ???? ???? 115 ??? 400,,,0.31,0.5,0.4,1,??????,bchara ghostin,50,0
5603902232507,???? ???? ???? ???? 115 ??? 60,,,0.24,0.5,0.45,1,??????,bchara ghostin,50,0
5603902232514,???? ???? ???? ???? 115 ??? 80,,,0.28,0.5,35,1,??????,bchara ghostin,50,0
69214,???? ????? 10 ???,,,0.25,0.5,0.35,1,??????,bchara ghostin,47,0
667538348,???? ????? 4 TIGON,,,2,3,3.75,1,??????,bchara ghostin,10,0
7896380109029,???? ????,,,0.5,1,1,1,??????,bchara ghostin,2,0
PT0938160MF,???? ??? PAINTPRO MEDIUM,,,3,4,3.5,1,??????,bchara ghostin,15,0
920833040,???? ????? 10 ???,,,3.75,5,4.5,1,??????,bchara ghostin,6,0
172057093,???? ????? 15 ???,,,1,2,1.75,1,??????,bchara ghostin,8,0
31145,???? ????? 4 ASTRA,,,1.1,2,1.75,1,??????,bchara ghostin,5,0
852742,???? ????? ???? 10 ???,,,0.5,1,1,1,??????,bchara ghostin,15,0
819283575,???? ????? 4 ASTRA,,,1.7,2.5,2,1,??????,bchara ghostin,15,0
8015732709239,???? ???? MEDIUM,,,0.5,1,1,1,??????,bchara ghostin,10,0
80932,??? ???? 1 ???? belgique,,,3.75,5,4.5,1,??????,bchara ghostin,3,0
309931,??? ???? ????? belgique,,,4.5,6,5,1,??????,bchara ghostin,6,0
64324571,??? ??? WHITE SPIRIT 6KG,,,10.5,13.5,12.5,1,??????,bchara ghostin,3,0
6586,??? ??? WHITE SPIRIT 9KG,,,11,20,17,1,??????,ritver,1,0
1699810,??? ?????? ??? 100 TAWER,,,15,21,20,1,??????,ritver,1,0
3365419746565,??? ?????? ??? 120 ????,,,26,35,32,1,??????,bchara ghostin,1,0
6972952978093,??? ?????? ??? 60 TAWER,,,15,20,18,1,??????,bchara ghostin,1,0
2158,?????? ???? GOLDEN,,,23,30,28,1,??????,bchara ghostin,1,0
615144,?????? ???? ??? ???? DUCH,,,1.1,2,1.75,1,??????,bchara ghostin,11,0
852743,??????? ??? ???? ???? dem braven,,,1.65,2.5,2,1,??????,bchara ghostin,4,0
607713377,??? ????? ???? 25 ????,,,3.45,4,4,1,??????,bchara ghostin,15,0
8834000141140,??? ????? ???? 45 ????,,,0.85,2,1.5,1,??????,bchara ghostin,3,0
6923450608104,??? ????,,,1.35,2.5,2,1,??????,bchara ghostin,1,0
7505598,???? ?????? 50 ???? GODEX,,,0.55,1,0.75,1,??????,bchara ghostin,10,0
9233,???? ?????? 60 ???? GODEX,,,19,23,22,1,??????,bchara ghostin,1,0
49681971,???? ????? ???????,,,25,28,27,1,??????,bchara ghostin,1,0
2948769,???? ????? 11.5 ??,,,5,7,6,1,??????,bchara ghostin,2,0
213324554,???? ????? 18 ??,,,2.3,3,3,1,??????,bchara ghostin,2,0
53946,???? ????? ???? ???? 11.5 ?? ????,,,3.75,5,5,1,??????? ???????,bchara ghostin,2,0
871162,???? ????? ???? ???? 18 ?? ????,,,1.25,2,2,1,??????,bchara ghostin,3,0
67467,??? ????? ???? TAWER,,,2.25,3.5,3,1,??????,bchara ghostin,3,0
87399,???? ??? cimentious bag bay,,,4.5,6,5,1,??????,bchara ghostin,2,0
45910338,??? ???? 2 ???,,,42,50,47,1,????,bchara ghostin,1,0
6955778110038,??? ???? 3 ???,,,1.85,3,2.5,1,??????,bchara ghostin,2,0
PT400EXT,??? ???? 4 ??? PAINT PRO,,,2.25,4,3.5,1,??????,bchara ghostin,2,0
PT500EXT,??? ???? 5 ??? PAINT PRO,,,5.5,8,7,1,??????,bchara ghostin,2,0
5010131574207,????? ?????? 2 COLORFLEX,,,7.75,10,9,1,??????,bchara ghostin,2,0
5010131574300,????? ?????? 2.5 COLORFLEX,,,1.45,3.5,3,1,??????,bchara ghostin,3,0
5010131574306,????? ?????? 3 KING,,,1.85,4,3.5,1,??????,bchara ghostin,3,0
628844100108,????? 1 gold,,,2.35,4.5,4,1,??????,bchara ghostin,3,0
628844100252,????? 1 TOWER,,,0.46,1,1,1,??????,bchara ghostin,11,0
6952025100156,????? 1.5 STAR,,,0.45,1,1,1,??????,bchara ghostin,9,0
628844100382,????? 1.5 TOWER,,,0.65,1.8,1.5,1,??????,bchara ghostin,11,0
6952025100200,????? 2 STAR,,,0.62,1.5,1.3,1,??????,bchara ghostin,11,0
628844100504,????? 2 TOWER,,,0.9,2,1.5,1,??????,bchara ghostin,12,0
6952025100255,????? 2.5 STAR,,,1.04,2,1.5,1,??????,bchara ghostin,7,0
628844100634,????? 2.5 TOWER,,,1.2,2.8,2,1,??????,bchara ghostin,12,0
6952025100309,????? 3 STAR,,,1.42,3,2.5,1,??????,bchara ghostin,11,0
628844100757,????? 3 TOWER,,,1.58,3,2.5,1,??????,bchara ghostin,12,0
712828962865,????? 4 BOYA,,,1.94,3.5,3,1,??????,bchara ghostin,11,0
628844101006,????? 4 TOWER,,,2.3,3.5,3,1,??????,bchara ghostin,1,0
3823848,????? ??? polo,,,2.6,4,3.5,1,??????,bchara ghostin,3,0
6353,??? ??????? ASTRA,,,1,2,1.5,1,??????,bchara ghostin,4,0
8422420012128,????? ??? 15*5,,,2.5,5,4,1,??????,bchara ghostin,4,0
8750875467881,????,,,3.35,5.5,5,1,??????,bchara ghostin,4,0
462934,????? 10 ?????,,,1.35,3,2.5,1,??????,bchara ghostin,6,0
577496,????? 20 ????,,,2.5,4,3.5,1,??????,bchara ghostin,5,0
316972,????? 5 ????,,,6,8,7.5,1,??????,bchara ghostin,3,0
297282059,????? ??? 20 ???,,,1.75,3,2.5,1,??????,bchara ghostin,5,0
8346232,???? 4 ASTRA,,,2.5,4,3.5,1,??????,bchara ghostin,5,0
706565836,???? ??? 9 SHARK,,,0.5,1,1,1,??????,bchara ghostin,12,0
4243677,????? ???? 10,,,0.85,1.5,1.3,1,??????,bchara ghostin,10,0
343814621,????? ???? 3,,,3,5,4.5,1,??????,bchara ghostin,2,0
250382529,????? ???? 4,,,0.85,2.5,2,1,??????,bchara ghostin,3,0
76241,????? ???? 5,,,1.15,3,2.5,1,??????,bchara ghostin,6,0
6557551,????? ???? 6,,,1.35,3.5,3,1,??????,bchara ghostin,6,0
15346847,????? ???? 8,,,1.65,4,3.5,1,??????,bchara ghostin,6,0
079423028809,????? ???? 10 ???,,,1.85,4.5,4,1,??????,bchara ghostin,2,0
794230235072,????? ???? 4 ???,,,14,16,15,1,??????,bchara ghostin,2,0
794230285022,????? ???? 6 ???,,,4.9,6,5,1,??????,bchara ghostin,2,0
794230288092,????? ???? 8 ???,,,7.25,8,8,1,??????,bchara ghostin,2,0
471965216,?????? ?????? SABER,,,10.5,12,1.5,1,??????,bchara ghostin,2,0
CT22275,???? ?????,,,0.9,1.5,1.5,1,??????,bchara ghostin,8,0
5100789800534,?????? 4*10,,,1.25,2,2,1,??????,bchara ghostin,6,0
5100789800527,?????? 4*20,,,1.05,2,2,1,??????,bchara ghostin,11,0
568861656,?????? ???? 2 ??? CRISTAL,,,2.1,3,3,1,??????,bchara ghostin,5,0
8288796,??? ??? ???,,,0.48,1,1,1,??????,bchara ghostin,139,0
91649,??? ???? ???,,,12,14,13,1,??????,bchara ghostin,2,0
5710042518,??? ?????,,,11.5,14,13,1,??????,bchara ghostin,2,0
3094,??? ????,,,2.7,4,3.5,1,??????,bchara ghostin,15,0
5603902000748,??? ?? ???? 100,,,1.25,2,1.5,1,??????,bchara ghostin,2,0
5603902000755,??? ?? ???? 120,,,0.28,0.35,0.35,1,??????,bchara ghostin,50,0
5603902011546,??? ?? ???? 150,,,0.28,0.35,0.35,1,??????,bchara ghostin,42,0
5603902011560,??? ?? ???? 220,,,0.26,0.35,0.35,1,??????,bchara ghostin,43,0
5603902011591,??? ?? ???? 320,,,0.26,0.35,0.35,1,??????,bchara ghostin,48,0
5603902011614,??? ?? ???? 400,,,0.26,0.35,0.35,1,??????,bchara ghostin,44,0
5603902000731,??? ?? ???? 80,,,0.27,0.35,0.35,1,??????,bchara ghostin,50,0
5205332170246,??? ?? ???? 100 smirdex,,,0.29,0.35,0.35,1,??????,bchara ghostin,37,0
5205332170345,??? ?? ???? 120 smirdex,,,0.31,0.4,0.4,1,??????,bchara ghostin,49,0
5205332171649,??? ?? ???? 1200 smirdex,,,0.31,0.4,0.4,1,??????,bchara ghostin,50,0
5205332170444,??? ?? ???? 150 smirdex,,,0.25,0.4,0.4,1,??????,bchara ghostin,45,0
5205332170642,??? ?? ???? 220 smirdex,,,0.26,0.4,0.4,1,??????,bchara ghostin,50,0
5205332170949,??? ?? ???? 320 smirdex,,,0.26,0.4,0.4,1,??????,bchara ghostin,50,0
5205332171144,??? ?? ???? 400 smirdex,,,0.25,0.4,0.4,1,??????,bchara ghostin,50,0
5205332170109,??? ?? ???? 80 smirdex,,,0.25,0.4,0.4,1,??????,bchara ghostin,49,0
5205332171441,??? ?? ???? 800 smirdex,,,0.31,0.4,0.4,1,??????,bchara ghostin,50,0
8028641906477,??? ?? ???? 120 sait,,,0.26,0.4,0.4,1,??????,bchara ghostin,50,0
8028641906484,??? ?? ???? 150 sait,,,1.25,2,1.75,1,??????,bchara ghostin,25,0
8028641906798,??? ?? ???? 180 sait,,,1.25,2,1.75,1,??????,bchara ghostin,25,0
8028641906491,??? ?? ???? 220 sait,,,1.25,2,1.75,1,??????,bchara ghostin,25,0
8028641916407,??? ?? ???? 320 sait,,,1.25,2,1.75,1,??????,bchara ghostin,25,0
8028641906835,??? ?? ???? 40 sait,,,1.25,2,1.75,1,??????,bchara ghostin,25,0
8028641904411,??? ?? ???? 60 sait,,,1.5,2,1.75,1,??????,bchara ghostin,25,0
8.02864E+12,??? ?? ???? 80 sait,,,1.5,2,1.75,1,??????,bchara ghostin,25,0
,,,,1.35,2,1.75,1,??????,bchara ghostin,25,0
